Workbook

Sheet Información del documento
A1: #VALUE!
A3: Alcance a nivel proyecto
A6: Historial de versiones
A8: Fecha | B8: Versión | C8: Descripción | D8: Autor
A9: 46230 | B9: 1 | C9: Creacion del documento | D9: Carlos Quintero N.
A13: Si se tiene un sistema de gestión de versiones eliminar esta hoja.
A14: Nota: Algunas celdas estan marcadas para que sea visible el funcionamiento de la herramienta

Sheet 1.-Auditoría Proyectos
A1: Concentrado de hallazgos en auditoría de proyectos
A2: ID | B2: Fecha de detección | C2: Proyecto | D2: Nombre del procedimiento | E2: No conformidad | F2: Motivo de la desviación | G2: Acción | H2: Responsable | I2: Fecha planeada de cierre | J2: Fecha real de cierre | K2: Estado
A3: 1 | B3: 27/07/2026 | C3: Portabilidad de Derechos Pensionarios entre ISSSTE e IMSS | D3: Estimación | E3: El histórico no desglosa dominio de aplicación, tecnología, complejidad y conocimiento del equipo. | F3: Herramientas | G3: Actualizar la plantilla de históricos (RG-Estimación) para incluir las 4 dimensiones solicitadas. | H3: Carlos Quintero Nava | I3: 30/09/2026 | K3: Abierto
A4: 2 | B4: 27/07/2026 | C4: Portabilidad de Derechos Pensionarios entre ISSSTE e IMSS | D4: Diseño de software | E4: No se realizó auditoría de configuración específica al documento de Diseño de software. | F4: Sobrecarga de trabajo | G4: Programar y ejecutar la auditoría de configuración pendiente al documento de Diseño de software. | H4: Carlos Quintero Nava | I4: 30/09/2026 | K4: Abierto
A5: 3 | B5: 27/07/2026 | C5: Portabilidad de Derechos Pensionarios entre ISSSTE e IMSS | D5: Diseño de software | E5: No se realizó auditoría de configuración específica a los manuales de operación y mantenimiento. | F5: Sobrecarga de trabajo | G5: Programar y ejecutar la auditoría de configuración pendiente a los manuales. | H5: Carlos Quintero Nava | I5: 30/09/2026 | K5: Abierto
A6: 4 | B6: 27/07/2026 | C6: Portabilidad de Derechos Pensionarios entre ISSSTE e IMSS | D6: Construcción | E6: El defecto real (DEF-01) se registró en FT-Gestión de incidencias en vez de en la hoja "pruebas internas" de gestión de pruebas. | F6: Herramientas | G6: Definir y comunicar con claridad en cuál documento se registran los defectos para evitar ambigüedad. | H6: Carlos Quintero Nava | I6: 30/09/2026 | K6: Abierto
A7: 5 | B7: 27/07/2026 | C7: Portabilidad de Derechos Pensionarios entre ISSSTE e IMSS | D7: Pruebas | E7: El manual de usuario conserva imágenes ilustrativas genéricas de la plantilla, no capturas reales del sistema. | F7: Sobrecarga de trabajo | G7: Sustituir las imágenes genéricas por capturas reales de los portales SINAVID-OV/SIPE-AV. | H7: Carlos Quintero Nava | I7: 30/09/2026 | K7: Abierto
A8: 6 | B8: 27/07/2026 | C8: Portabilidad de Derechos Pensionarios entre ISSSTE e IMSS | D8: Entrega | E8: No se cuenta con un formulario de entrega construido para el proyecto. | F8: Herramientas | G8: Elaborar y utilizar un formulario de entrega para la aceptación formal del cliente. | H8: Carlos Quintero Nava | I8: 30/09/2026 | K8: Abierto
A9: 7 | B9: 27/07/2026 | C9: Portabilidad de Derechos Pensionarios entre ISSSTE e IMSS | D9: Cierre | E9: No se ha realizado una reunión formal de lecciones aprendidas para el proyecto. | F9: Sobrecarga de trabajo | G9: Programar la reunión de lecciones aprendidas antes del cierre formal del proyecto. | H9: Carlos Quintero Nava | I9: 30/09/2026 | K9: Abierto
A10: 8 | B10: 27/07/2026 | C10: Portabilidad de Derechos Pensionarios entre ISSSTE e IMSS | D10: Cierre | E10: No se ha generado un informe de cierre para el gerente de proyectos. | F10: Sobrecarga de trabajo | G10: Elaborar el informe de cierre del proyecto para el gerente de proyectos. | H10: Carlos Quintero Nava | I10: 30/09/2026 | K10: Abierto
A11: 9 | B11: 27/07/2026 | C11: Portabilidad de Derechos Pensionarios entre ISSSTE e IMSS | D11: Monitoreo | E11: No se documentó un análisis de riesgos específico para la implementación del cambio CR-01. | F11: Sobrecarga de trabajo | G11: Documentar retroactivamente el análisis de riesgos de CR-01 y aplicarlo a futuros cambios. | H11: Carlos Quintero Nava | I11: 30/09/2026 | K11: Abierto
A12: 10 | B12: 27/07/2026 | C12: Portabilidad de Derechos Pensionarios entre ISSSTE e IMSS | D12: Monitoreo | E12: El plan de proyecto no se actualizó explícitamente para reflejar las actividades de la re-portabilidad. | F12: Sobrecarga de trabajo | G12: Actualizar el plan de proyecto para reflejar las actividades del cambio CR-01. | H12: Carlos Quintero Nava | I12: 30/09/2026 | K12: Abierto

Sheet 2.-Auditorías Organizacionales
A1: Concentrado de hallazgos en auditoría de procedimientos organizacionales
A2: ID | B2: Fecha de detección | C2: Nombre del procedimiento | D2: No conformidad | E2: Motivo de la desviación | F2: Acción | G2: Responsable | H2: Fecha planeada de cierre | I2: Fecha real de cierre | J2: Estado
A3: 1 | B3: 27/07/2026 | C3: Auditoría de procedimientos | D3: El plan de auditorías no menciona explícitamente los proyectos que serán auditados. | E3: Herramientas | F3: Actualizar DZ-Plan de auditorías para incluir el alcance de proyectos a auditar. | G3: Carlos Quintero Nava | H3: 30/09/2026 | J3: Abierto
A4: 2 | B4: 27/07/2026 | C4: Auditoría de procedimientos | D4: No hay evidencia de aprobación formal del plan de auditorías por parte del director general. | E4: Bypass de altos mandos | F4: Obtener y documentar la aprobación formal del director general. | G4: Carlos Quintero Nava | H4: 30/09/2026 | J4: Abierto
A5: 3 | B5: 27/07/2026 | C5: Evaluación de procedimientos | D5: El ciclo de evaluación de Estimación sigue en curso, sin resultados ni áreas de mejora documentadas. | E5: Sobrecarga de trabajo | F5: Concluir el ciclo de evaluación de Estimación y documentar resultados. | G5: Carlos Quintero Nava | H5: 30/09/2026 | J5: Abierto
A6: 4 | B6: 27/07/2026 | C6: Gestión de mejoras | D6: El registro de la única mejora real (ID004) no vincula un objetivo de negocio, al estar aún en fase de registro. | E6: Sobrecarga de trabajo | F6: Realizar el análisis pendiente de la mejora ID004 con el comité correspondiente. | G6: Carlos Quintero Nava | H6: 30/09/2026 | J6: Abierto
A7: 5 | B7: 27/07/2026 | C7: Gestión de mejoras | D7: PR-Gestión de mejoras no enumera qué procedimientos serán evaluados. | E7: Herramientas | F7: Actualizar PR-Gestión de mejoras para especificar los procedimientos sujetos a mejora. | G7: Carlos Quintero Nava | H7: 30/09/2026 | J7: Abierto
A8: 6 | B8: 27/07/2026 | C8: Gestión de negocio | D8: No hay evidencia de revisión periódica formal de los resultados de medición. | E8: Sobrecarga de trabajo | F8: Establecer y documentar reuniones periódicas de revisión de resultados de medición. | G8: Carlos Quintero Nava | H8: 30/09/2026 | J8: Abierto
A9: 7 | B9: 27/07/2026 | C9: Gestión de negocio | D9: No hay evidencia de revisión periódica formal del seguimiento a procesos y su plan de mejora. | E9: Sobrecarga de trabajo | F9: Establecer y documentar reuniones periódicas de seguimiento a procesos. | G9: Carlos Quintero Nava | H9: 30/09/2026 | J9: Abierto
A10: 8 | B10: 27/07/2026 | C10: Gestión de negocio | D10: No hay evidencia de revisión periódica formal del avance de los objetivos de negocio. | E10: Sobrecarga de trabajo | F10: Establecer y documentar reuniones periódicas de revisión de avance de objetivos. | G10: Carlos Quintero Nava | H10: 30/09/2026 | J10: Abierto
A11: 9 | B11: 27/07/2026 | C11: Gestión de negocio | D11: No hay evidencia de revisión periódica formal de las tendencias de calidad. | E11: Sobrecarga de trabajo | F11: Establecer y documentar reuniones periódicas de revisión de tendencias de calidad. | G11: Carlos Quintero Nava | H11: 30/09/2026 | J11: Abierto
A12: 10 | B12: 27/07/2026 | C12: Gestión de negocio | D12: No hay evidencia de revisión periódica formal de problemas identificados y su solución. | E12: Sobrecarga de trabajo | F12: Establecer y documentar reuniones periódicas de revisión de problemas y soluciones. | G12: Carlos Quintero Nava | H12: 30/09/2026 | J12: Abierto
A13: 11 | B13: 27/07/2026 | C13: Gestión de negocio | D13: No hay evidencia de revisión periódica formal de la necesidad de acciones correctivas. | E13: Sobrecarga de trabajo | F13: Establecer y documentar reuniones periódicas de revisión de acciones correctivas. | G13: Carlos Quintero Nava | H13: 30/09/2026 | J13: Abierto

Sheet 3.-Tendencias
A1: Auditoría de proyecto | K1: Auditoría de procedimientos organizacionales
A2: Proceso | B2: Hallazgos | D2: Motivos | E2: Hallazgos | G2: Estado | H2: Hallazgos | K2: Procedimiento | L2: Hallazgos | O2: Motivos | P2: Hallazgos | R2: Estado | S2: Hallazgos
A3: Estimación | B3: =COUNTIF('1.-Auditoría Proyectos'!D3:D13,'3.-Tendencias'!A3) -> 1 | D3: Capacitación | E3: =COUNTIF('1.-Auditoría Proyectos'!F3:F13,'3.-Tendencias'!D3) -> 0 | G3: Abierto | H3: =COUNTIF('1.-Auditoría Proyectos'!K3:K13,'3.-Tendencias'!G3) -> 10 | K3: Auditoría de procedimientos | L3: =COUNTIF('2.-Auditorías Organizacionales'!C3:C13,'3.-Tendencias'!K3) -> 2 | O3: Capacitación | P3: =COUNTIF('2.-Auditorías Organizacionales'!E3:E13,'3.-Tendencias'!O3) -> 0 | R3: Abierto | S3: =COUNTIF('2.-Auditorías Organizacionales'!J3:J13,'3.-Tendencias'!R3) -> 11
A4: Planeación | B4: =COUNTIF('1.-Auditoría Proyectos'!D4:D14,'3.-Tendencias'!A4) -> 0 | D4: Herramientas | E4: =COUNTIF('1.-Auditoría Proyectos'!F3:F13,'3.-Tendencias'!D4) -> 3 | G4: Resuelto | H4: =COUNTIF('1.-Auditoría Proyectos'!K4:K14,'3.-Tendencias'!G4) -> 0 | K4: Evaluación de procedimientos | L4: =COUNTIF('2.-Auditorías Organizacionales'!C4:C14,'3.-Tendencias'!K4) -> 1 | O4: Herramientas | P4: =COUNTIF('2.-Auditorías Organizacionales'!E4:E14,'3.-Tendencias'!O4) -> 1 | R4: Resuelto | S4: =COUNTIF('2.-Auditorías Organizacionales'!J3:J13,'3.-Tendencias'!R4) -> 0
A5: Gestión de requisitos | B5: =COUNTIF('1.-Auditoría Proyectos'!D3:D13,'3.-Tendencias'!A5) -> 0 | D5: Perfil de puesto | E5: =COUNTIF('1.-Auditoría Proyectos'!F5:F15,'3.-Tendencias'!D5) -> 0 | G5: No se va a resolver | H5: =COUNTIF('1.-Auditoría Proyectos'!K5:K15,'3.-Tendencias'!G5) -> 0 | K5: Gestión de capacitación | L5: =COUNTIF('2.-Auditorías Organizacionales'!C5:C15,'3.-Tendencias'!K5) -> 0 | O5: Perfil de puesto | P5: =COUNTIF('2.-Auditorías Organizacionales'!E5:E15,'3.-Tendencias'!O5) -> 0 | R5: No se va a resolver | S5: =COUNTIF('2.-Auditorías Organizacionales'!J5:J15,'3.-Tendencias'!R5) -> 0
A6: Diseño de software | B6: =COUNTIF('1.-Auditoría Proyectos'!D6:D16,'3.-Tendencias'!A6) -> 0 | D6: Habilidades | E6: =COUNTIF('1.-Auditoría Proyectos'!F3:F13,'3.-Tendencias'!D6) -> 0 | K6: Gestión de negocio | L6: =COUNTIF('2.-Auditorías Organizacionales'!C6:C16,'3.-Tendencias'!K6) -> 6 | O6: Habilidades | P6: =COUNTIF('2.-Auditorías Organizacionales'!E6:E16,'3.-Tendencias'!O6) -> 0
A7: Construcción | B7: =COUNTIF('1.-Auditoría Proyectos'!D7:D17,'3.-Tendencias'!A7) -> 0 | D7: Sobrecarga de trabajo | E7: =COUNTIF('1.-Auditoría Proyectos'!F7:F17,'3.-Tendencias'!D7) -> 5 | K7: Gestión de mejoras | L7: =COUNTIF('2.-Auditorías Organizacionales'!C3:C13,'3.-Tendencias'!K7) -> 2 | O7: Sobrecarga de trabajo | P7: =COUNTIF('2.-Auditorías Organizacionales'!E3:E13,'3.-Tendencias'!O7) -> 8
A8: Revisión por pares | B8: =COUNTIF('1.-Auditoría Proyectos'!D8:D18,'3.-Tendencias'!A8) -> 0 | D8: Bypass de altos mandos | E8: =COUNTIF('1.-Auditoría Proyectos'!F3:F13,'3.-Tendencias'!D8) -> 0 | O8: Bypass de altos mandos | P8: =COUNTIF('2.-Auditorías Organizacionales'!E8:E18,'3.-Tendencias'!O8) -> 0
A9: Pruebas | B9: =COUNTIF('1.-Auditoría Proyectos'!D3:D13,'3.-Tendencias'!A9) -> 1
A10: Entrega | B10: =COUNTIF('1.-Auditoría Proyectos'!D3:D13,'3.-Tendencias'!A10) -> 1
A11: Cierre | B11: =COUNTIF('1.-Auditoría Proyectos'!D3:D13,'3.-Tendencias'!A11) -> 2
A12: Monitoreo | B12: =COUNTIF('1.-Auditoría Proyectos'!D14:D30,'3.-Tendencias'!A12) -> 0

Sheet Listas
A2: Motivo | B2: Fase del proyecto auditada | D2: Estado | G2: Procedimientos organizacional
A3: Capacitación | B3: Estimación | D3: Resuelto | G3: Auditoría de procedimientos
A4: Herramientas | B4: Planeación | D4: Abierto | G4: Evaluación de procedimientos
A5: Perfil de puesto | B5: Gestión de requisitos | D5: No se va a resolver | G5: Gestión de capacitación
A6: Habilidades | B6: Diseño de software | G6: Gestión de negocio
A7: Sobrecarga de trabajo | B7: Construcción | G7: Gestión de mejoras
A8: Bypass de altos mandos | B8: Revisión por pares
B9: Pruebas
B10: Entrega
B11: Cierre
B12: Monitoreo
