Workbook

Sheet 1.-Históricos
B2: Cliente: | C2: Nombre del cliente
B3: Proyecto: | C3: Nombre del proyecto
B6: Información histórica de referencia
B7: Indique el nombre del proyecto o proyectos de referencia revisados
B8: Nombre del proyecto | F8: Aspectos considerados
B9: Proyecto de Referencia 1
B10: Proyecto de Referencia 2
B11: Proyecto de Referencia 3
B12: Proyecto de Referencia 4
B16: Secuencia Fibonacci
B17: 0 + 1 | C17: 1 | D17: Fácil
B18: 1 + 1 | C18: 2
B19: 1 + 2 | C19: 3
B20: 2 + 3 | C20: 5
B21: 3 + 5 | C21: 8
B22: 5 + 8 | C22: 13
B23: 8 + 13 | C23: 21
B24: 13 + 21 | C24: 34
B25: 21 + 34 | C25: 55
B26: 34 + 55 | C26: 89
B27: 55 + 89 | C27: 144 | D27: Díficil

Sheet 2.-Round 1
A1: Tabla de estimación (round 1)
B2: Desviación estandar aceptada: <= 10%
A3: Identificador | B3: Enunciado de historia | C3: Prioridad | D3: Tamaño esperado | M3: Observaciones
D4: Estimador 1 | E4: Estimador 2 | F4: Estimador 3 | G4: Sprint | H4: Maximo | I4: Valor medio | J4: Minimo | K4: desviación (%) | L4: ¿Se acepta?
A5: xxxx-xxxx-xxx1 | B5: Como un [Rol], necesito [descripción de la funcionalidad], con la finalidad de [Razón o Resultado] | D5: 5 | E5: 2 | F5: 2 | G5: 1 | H5: =MAX(D5:G5) -> 5 | I5: =IF(SUM(D5:F5)<>0,AVERAGE(D5:F5),0) -> 3 | J5: =MIN(D5:F5) -> 2 | K5: =IF(I5<>0,MAX((H5-I5)/I5*100%,(I5-J5)/I5*100%),0) -> 0.66666667
A6: xxxx-xxxx-xxx2 | B6: Como un [Rol], necesito [descripción de la funcionalidad], con la finalidad de [Razón o Resultado] | D6: 5 | E6: 5 | F6: 5 | G6: 1 | H6: =MAX(D6:G6) -> 5 | I6: =IF(SUM(D6:F6)<>0,AVERAGE(D6:F6),0) -> 5 | J6: =MIN(D6:F6) -> 5 | K6: =IF(I6<>0,MAX((H6-I6)/I6*100%,(I6-J6)/I6*100%),0) -> 0
A7: xxxx-xxxx-xxx3 | B7: Como un [Rol], necesito [descripción de la funcionalidad], con la finalidad de [Razón o Resultado] | D7: 8 | E7: 13 | F7: 8 | G7: 1 | H7: =MAX(D7:G7) -> 13 | I7: =IF(SUM(D7:F7)<>0,AVERAGE(D7:F7),0) -> 9.6666667 | J7: =MIN(D7:F7) -> 8 | K7: =IF(I7<>0,MAX((H7-I7)/I7*100%,(I7-J7)/I7*100%),0) -> 0.34482759
A8: xxxx-xxxx-xxx4 | B8: Como un [Rol], necesito [descripción de la funcionalidad], con la finalidad de [Razón o Resultado] | D8: 5 | E8: 5 | F8: 5 | G8: 2 | H8: =MAX(D8:G8) -> 5 | I8: =IF(SUM(D8:F8)<>0,AVERAGE(D8:F8),0) -> 5 | J8: =MIN(D8:F8) -> 5 | K8: =IF(I8<>0,MAX((H8-I8)/I8*100%,(I8-J8)/I8*100%),0) -> 0
A9: xxxx-xxxx-xxx5 | B9: Como un [Rol], necesito [descripción de la funcionalidad], con la finalidad de [Razón o Resultado] | D9: 8 | E9: 8 | F9: 8 | G9: 2 | H9: =MAX(D9:G9) -> 8 | I9: =IF(SUM(D9:F9)<>0,AVERAGE(D9:F9),0) -> 8 | J9: =MIN(D9:F9) -> 8 | K9: =IF(I9<>0,MAX((H9-I9)/I9*100%,(I9-J9)/I9*100%),0) -> 0
A10: xxxx-xxxx-xxx6 | B10: Como un [Rol], necesito [descripción de la funcionalidad], con la finalidad de [Razón o Resultado] | D10: 3 | E10: 3 | F10: 3 | G10: 1 | H10: =MAX(D10:G10) -> 3 | I10: =IF(SUM(D10:F10)<>0,AVERAGE(D10:F10),0) -> 3 | J10: =MIN(D10:F10) -> 3 | K10: =IF(I10<>0,MAX((H10-I10)/I10*100%,(I10-J10)/I10*100%),0) -> 0
A11: xxxx-xxxx-xxx7 | B11: Como un [Rol], necesito [descripción de la funcionalidad], con la finalidad de [Razón o Resultado] | D11: 1 | E11: 1 | F11: 1 | H11: =MAX(D11:G11) -> 1 | I11: =IF(SUM(D11:F11)<>0,AVERAGE(D11:F11),0) -> 1 | J11: =MIN(D11:F11) -> 1 | K11: =IF(I11<>0,MAX((H11-I11)/I11*100%,(I11-J11)/I11*100%),0) -> 0
A12: xxxx-xxxx-xxx8 | B12: Como un [Rol], necesito [descripción de la funcionalidad], con la finalidad de [Razón o Resultado] | D12: 1 | E12: 1 | F12: 1 | H12: =MAX(D12:G12) -> 1 | I12: =IF(SUM(D12:F12)<>0,AVERAGE(D12:F12),0) -> 1 | J12: =MIN(D12:F12) -> 1 | K12: =IF(I12<>0,MAX((H12-I12)/I12*100%,(I12-J12)/I12*100%),0) -> 0
A13: xxxx-xxxx-xxx9 | B13: Como un [Rol], necesito [descripción de la funcionalidad], con la finalidad de [Razón o Resultado] | D13: 2 | E13: 2 | F13: 2 | H13: =MAX(D13:G13) -> 2 | I13: =IF(SUM(D13:F13)<>0,AVERAGE(D13:F13),0) -> 2 | J13: =MIN(D13:F13) -> 2 | K13: =IF(I13<>0,MAX((H13-I13)/I13*100%,(I13-J13)/I13*100%),0) -> 0
A14: xxxx-xxxx-xxx10 | B14: Como un [Rol], necesito [descripción de la funcionalidad], con la finalidad de [Razón o Resultado] | H14: =MAX(D14:G14) -> 0 | I14: =IF(SUM(D14:F14)<>0,AVERAGE(D14:F14),0) -> 0 | J14: =MIN(D14:F14) -> 0 | K14: =IF(I14<>0,MAX((H14-I14)/I14*100%,(I14-J14)/I14*100%),0) -> 0

Sheet 3.-Round 2
A1: Tabla de estimación (round 2)
B2: Desviación estandar aceptada: <= 10%
A3: Identificador | B3: Enunciado de historia | C3: Prioridad | D3: Tamaño esperado | M3: Observaciones
D4: Estimador 1 | E4: Estimador 2 | F4: Estimador 3 | G4: Sprint | H4: Maximo | I4: Valor medio | J4: Minimo | K4: desviación (%) | L4: ¿Se acepta?
A5: xxxx-xxxx-xxx1 | B5: Como un [Rol], necesito [descripción de la funcionalidad], con la finalidad de [Razón o Resultado] | H5: =MAX(D5:G5) -> 0 | I5: =IF(SUM(D5:F5)<>0,AVERAGE(D5:F5),0) -> 0 | J5: =MIN(D5:F5) -> 0 | K5: =IF(I5<>0,MAX((H5-I5)/I5*100%,(I5-J5)/I5*100%),0) -> 0
A6: xxxx-xxxx-xxx2 | B6: Como un [Rol], necesito [descripción de la funcionalidad], con la finalidad de [Razón o Resultado] | H6: =MAX(D6:G6) -> 0 | I6: =IF(SUM(D6:F6)<>0,AVERAGE(D6:F6),0) -> 0 | J6: =MIN(D6:F6) -> 0 | K6: =IF(I6<>0,MAX((H6-I6)/I6*100%,(I6-J6)/I6*100%),0) -> 0
A7: xxxx-xxxx-xxx3 | B7: Como un [Rol], necesito [descripción de la funcionalidad], con la finalidad de [Razón o Resultado] | H7: =MAX(D7:G7) -> 0 | I7: =IF(SUM(D7:F7)<>0,AVERAGE(D7:F7),0) -> 0 | J7: =MIN(D7:F7) -> 0 | K7: =IF(I7<>0,MAX((H7-I7)/I7*100%,(I7-J7)/I7*100%),0) -> 0
A8: xxxx-xxxx-xxx4 | B8: Como un [Rol], necesito [descripción de la funcionalidad], con la finalidad de [Razón o Resultado] | H8: =MAX(D8:G8) -> 0 | I8: =IF(SUM(D8:F8)<>0,AVERAGE(D8:F8),0) -> 0 | J8: =MIN(D8:F8) -> 0 | K8: =IF(I8<>0,MAX((H8-I8)/I8*100%,(I8-J8)/I8*100%),0) -> 0
A9: xxxx-xxxx-xxx5 | B9: Como un [Rol], necesito [descripción de la funcionalidad], con la finalidad de [Razón o Resultado] | H9: =MAX(D9:G9) -> 0 | I9: =IF(SUM(D9:F9)<>0,AVERAGE(D9:F9),0) -> 0 | J9: =MIN(D9:F9) -> 0 | K9: =IF(I9<>0,MAX((H9-I9)/I9*100%,(I9-J9)/I9*100%),0) -> 0
A10: xxxx-xxxx-xxx6 | B10: Como un [Rol], necesito [descripción de la funcionalidad], con la finalidad de [Razón o Resultado] | H10: =MAX(D10:G10) -> 0 | I10: =IF(SUM(D10:F10)<>0,AVERAGE(D10:F10),0) -> 0 | J10: =MIN(D10:F10) -> 0 | K10: =IF(I10<>0,MAX((H10-I10)/I10*100%,(I10-J10)/I10*100%),0) -> 0
A11: xxxx-xxxx-xxx7 | B11: Como un [Rol], necesito [descripción de la funcionalidad], con la finalidad de [Razón o Resultado] | H11: =MAX(D11:G11) -> 0 | I11: =IF(SUM(D11:F11)<>0,AVERAGE(D11:F11),0) -> 0 | J11: =MIN(D11:F11) -> 0 | K11: =IF(I11<>0,MAX((H11-I11)/I11*100%,(I11-J11)/I11*100%),0) -> 0
A12: xxxx-xxxx-xxx8 | B12: Como un [Rol], necesito [descripción de la funcionalidad], con la finalidad de [Razón o Resultado] | H12: =MAX(D12:G12) -> 0 | I12: =IF(SUM(D12:F12)<>0,AVERAGE(D12:F12),0) -> 0 | J12: =MIN(D12:F12) -> 0 | K12: =IF(I12<>0,MAX((H12-I12)/I12*100%,(I12-J12)/I12*100%),0) -> 0
A13: xxxx-xxxx-xxx9 | B13: Como un [Rol], necesito [descripción de la funcionalidad], con la finalidad de [Razón o Resultado] | H13: =MAX(D13:G13) -> 0 | I13: =IF(SUM(D13:F13)<>0,AVERAGE(D13:F13),0) -> 0 | J13: =MIN(D13:F13) -> 0 | K13: =IF(I13<>0,MAX((H13-I13)/I13*100%,(I13-J13)/I13*100%),0) -> 0
A14: xxxx-xxxx-xxx10 | B14: Como un [Rol], necesito [descripción de la funcionalidad], con la finalidad de [Razón o Resultado] | H14: =MAX(D14:G14) -> 0 | I14: =IF(SUM(D14:F14)<>0,AVERAGE(D14:F14),0) -> 0 | J14: =MIN(D14:F14) -> 0 | K14: =IF(I14<>0,MAX((H14-I14)/I14*100%,(I14-J14)/I14*100%),0) -> 0

Sheet 4.-Round 3
A4: Tabla de estimación (round 3)
B5: Desviación estandar aceptada: <= 10%
A6: Identificador | B6: Enunciado de historia | C6: Prioridad | D6: Tamaño esperado | M6: Observaciones | O6: Calificación por sprint | R6: 1 | S6: 2 | T6: 3
D7: Estimador 1 | E7: Estimador 2 | F7: Estimador 3 | G7: Sprint | H7: Maximo | I7: Valor medio | J7: Minimo | K7: desviación (%) | L7: ¿Se acepta?
A8: xxxx-xxxx-xxx1 | B8: Como un [Rol], necesito [descripción de la funcionalidad], con la finalidad de [Razón o Resultado] | H8: =MAX(D8:G8) -> 0 | I8: =IF(SUM(D8:F8)<>0,AVERAGE(D8:F8),0) -> 0 | J8: =MIN(D8:F8) -> 0 | K8: =IF(I8<>0,MAX((H8-I8)/I8*100%,(I8-J8)/I8*100%),0) -> 0 | L8: Yes
A9: xxxx-xxxx-xxx2 | B9: Como un [Rol], necesito [descripción de la funcionalidad], con la finalidad de [Razón o Resultado] | H9: =MAX(D9:G9) -> 0 | I9: =IF(SUM(D9:F9)<>0,AVERAGE(D9:F9),0) -> 0 | J9: =MIN(D9:F9) -> 0 | K9: =IF(I9<>0,MAX((H9-I9)/I9*100%,(I9-J9)/I9*100%),0) -> 0
A10: xxxx-xxxx-xxx3 | B10: Como un [Rol], necesito [descripción de la funcionalidad], con la finalidad de [Razón o Resultado] | H10: =MAX(D10:G10) -> 0 | I10: =IF(SUM(D10:F10)<>0,AVERAGE(D10:F10),0) -> 0 | J10: =MIN(D10:F10) -> 0 | K10: =IF(I10<>0,MAX((H10-I10)/I10*100%,(I10-J10)/I10*100%),0) -> 0
A11: xxxx-xxxx-xxx4 | B11: Como un [Rol], necesito [descripción de la funcionalidad], con la finalidad de [Razón o Resultado] | H11: =MAX(D11:G11) -> 0 | I11: =IF(SUM(D11:F11)<>0,AVERAGE(D11:F11),0) -> 0 | J11: =MIN(D11:F11) -> 0 | K11: =IF(I11<>0,MAX((H11-I11)/I11*100%,(I11-J11)/I11*100%),0) -> 0
A12: xxxx-xxxx-xxx5 | B12: Como un [Rol], necesito [descripción de la funcionalidad], con la finalidad de [Razón o Resultado] | H12: =MAX(D12:G12) -> 0 | I12: =IF(SUM(D12:F12)<>0,AVERAGE(D12:F12),0) -> 0 | J12: =MIN(D12:F12) -> 0 | K12: =IF(I12<>0,MAX((H12-I12)/I12*100%,(I12-J12)/I12*100%),0) -> 0
A13: xxxx-xxxx-xxx6 | B13: Como un [Rol], necesito [descripción de la funcionalidad], con la finalidad de [Razón o Resultado] | H13: =MAX(D13:G13) -> 0 | I13: =IF(SUM(D13:F13)<>0,AVERAGE(D13:F13),0) -> 0 | J13: =MIN(D13:F13) -> 0 | K13: =IF(I13<>0,MAX((H13-I13)/I13*100%,(I13-J13)/I13*100%),0) -> 0
A14: xxxx-xxxx-xxx7 | B14: Como un [Rol], necesito [descripción de la funcionalidad], con la finalidad de [Razón o Resultado] | H14: =MAX(D14:G14) -> 0 | I14: =IF(SUM(D14:F14)<>0,AVERAGE(D14:F14),0) -> 0 | J14: =MIN(D14:F14) -> 0 | K14: =IF(I14<>0,MAX((H14-I14)/I14*100%,(I14-J14)/I14*100%),0) -> 0
A15: xxxx-xxxx-xxx8 | B15: Como un [Rol], necesito [descripción de la funcionalidad], con la finalidad de [Razón o Resultado] | H15: =MAX(D15:G15) -> 0 | I15: =IF(SUM(D15:F15)<>0,AVERAGE(D15:F15),0) -> 0 | J15: =MIN(D15:F15) -> 0 | K15: =IF(I15<>0,MAX((H15-I15)/I15*100%,(I15-J15)/I15*100%),0) -> 0
A16: xxxx-xxxx-xxx9 | B16: Como un [Rol], necesito [descripción de la funcionalidad], con la finalidad de [Razón o Resultado] | H16: =MAX(D16:G16) -> 0 | I16: =IF(SUM(D16:F16)<>0,AVERAGE(D16:F16),0) -> 0 | J16: =MIN(D16:F16) -> 0 | K16: =IF(I16<>0,MAX((H16-I16)/I16*100%,(I16-J16)/I16*100%),0) -> 0
A17: xxxx-xxxx-xxx10 | B17: Como un [Rol], necesito [descripción de la funcionalidad], con la finalidad de [Razón o Resultado] | H17: =MAX(D17:G17) -> 0 | I17: =IF(SUM(D17:F17)<>0,AVERAGE(D17:F17),0) -> 0 | J17: =MIN(D17:F17) -> 0 | K17: =IF(I17<>0,MAX((H17-I17)/I17*100%,(I17-J17)/I17*100%),0) -> 0
A18: Sumatoría de Tamaño esperado | D18: =SUM(D8:D17) -> 0 | E18: =SUM(E8:E17) -> 0 | F18: =SUM(F8:F17) -> 0

Sheet 5.-Resumen estimación de tamaño
A2: Resumen
A3: Pivote | B3: Historia de usuario que reprsenta al pivote: Ejemplo: Actualizaciones online en base de datos de manera instantanea | E3: Calificación de pivote Ejemplo: 8 pts.de historia
A4: Equipo | B4: Puntos de historia que hace el equipo por sprint: Ejemplo: 28 pts por sprint. | E4: Observaciones especiales: Ejemplo: El sprint 2 y 3 nos dan margen de error indirectametne.
A5: Sprint | B5: PHU | C5: Total puntos
A6: 1 | B6: ='4.-Round 3'!R7 -> 0 | C6: =SUM(B6:B8) -> 0
A7: 2 | B7: ='4.-Round 3'!S7 -> 0
A8: 3 | B8: ='4.-Round 3'!T7 -> 0
A10: Puntos totales | B10: ='4.-Round 3'!D18 -> 0 | C10: ='4.-Round 3'!E18 -> 0 | D10: ='4.-Round 3'!F18 -> 0
A11: Resultado Tamaño | B11: =MAX(B10:D10) -> 0
A14: Tablas de datos
A15: Lenguaje | B15: Horas PF promedio
A16: Ejemplo: Java | B16: 6
A18: RESULTADO
A19: Estimación→ | B19: Esfuerzo | C19: =B16*B11 -> 0 | D19: hrs

Sheet 6.-Estimación esfuerzo y costo
B2: Desglose de horas por actividad
B3: Actividades | E3: Horas | F3: % | G3: Días hombre
B4: Análisis | E4: =E6*F4 -> 0 | F4: 0.2 | G4: =E4/$D12 -> #DIV/0!
B5: Diseño | E5: =E6*F5 -> 0 | F5: 0.2 | G5: =E5/$D12 -> #DIV/0!
B6: Construcción | E6: ='5.-Resumen estimación de tamaño'!C19 -> 0 | F6: 0.4 | G6: =E6/$D12 -> #DIV/0!
B7: Pruebas | E7: =E6*F7 -> 0 | F7: 0.2 | G7: =E7/$D12 -> #DIV/0!
B9: Total | E9: =SUM(E4:E7) -> 0 | F9: =SUM(F4:F7) -> 1 | G9: =SUM(G4:G7) -> #DIV/0!
B11: DPM | D11: Horas efectivas de trabajo | F11: Días totales (red) | H11: Plazo en meses
B12: 21.5 | F12: =ROUNDUP(G9,0) -> #DIV/0! | H12: =ROUNDUP((G9/B12),0) -> #DIV/0!
B14: Costos
B15: Rol | D15: Costo por mes
B16: Líder de proyecto
B17: Líder técnico | C17: LT
B18: Analista | C18: AN
B19: Arquitecto | C19: AR
B20: Desarrollador
B21: Tester | C21: DE
B22: Total | D22: =SUM(D16:D21)*H12 -> #DIV/0!
B24: Otros conceptos
B25: Conceptos | E25: Costo
B26: Compras
B27: Licencias
B28: Formación
B29: Consumibles
B31: Total | E31: =SUM(E26:E30) -> 0
C33: Presupuesto total | E33: =D22+E31 -> #DIV/0!
C36: Análisis | E36: Razonamiento o base para la estimación y motivo de ajuste en la estimación. Describir el fundamento de las estimaciones de esfuerzo, duración y costo, para que proporcionen el contexto para el uso de datos históricos.

Sheet Lista
B1: Prioridad | C1: Se acepta
B2: Alta | C2: SI
B3: Media | C3: NO
B4: Baja
